sha256,peak_idx,stem,path,source,recorded_at,analyzed_at,fs_hz,channel,n_hits,max_warning,determinable,f_hz,f_std_hz,f_sem_hz,f_range_rel,q,q_std,tau_ms,snr_db,above_floor_db,width_hz,n_fitted,class,flags,theory_family,theory_n,theory_f_hz,theory_rel_err,barlab_version,schema_version
8612ae0624361f6fe0f009757182eea90de8c7434c7af0a7c4940a3ac967af74,0,synth_fs192k_snr10,data/synthetic/synth_fs192k_snr10.wav,synthetic,,2026-10-06T16:57:54+02:00,192000,0,8,INFO,True,15004.0,20.3,10.4,0.00288,62.6,8.94,1.33,12.7,12.9,174.9,5,broadband_resonance,resolution_limited;consistent,flexural,1,14404.6,0.0416,0.1.0,1
8612ae0624361f6fe0f009757182eea90de8c7434c7af0a7c4940a3ac967af74,1,synth_fs192k_snr10,data/synthetic/synth_fs192k_snr10.wav,synthetic,,2026-10-06T16:57:54+02:00,192000,0,8,INFO,True,30000.5,,,,,,,0.1,23.8,154.3,0,noise_or_environment,line_in_noise;resolution_limited,flexural,2,33456.1,-0.103,0.1.0,1
8612ae0624361f6fe0f009757182eea90de8c7434c7af0a7c4940a3ac967af74,2,synth_fs192k_snr10,data/synthetic/synth_fs192k_snr10.wav,synthetic,,2026-10-06T16:57:54+02:00,192000,0,8,INFO,True,37999.9,5.71,2.53,0.0003,489.0,90.4,4.1,22.0,22.1,159.8,7,bar_mode_candidate,resolution_limited;high_q;consistent;matches_theory,longitudinal,1,38000.2,-9.71e-06,0.1.0,1
8612ae0624361f6fe0f009757182eea90de8c7434c7af0a7c4940a3ac967af74,3,synth_fs192k_snr10,data/synthetic/synth_fs192k_snr10.wav,synthetic,,2026-10-06T16:57:54+02:00,192000,0,8,INFO,True,76009.4,38.2,18.1,0.00106,763.0,113.0,3.19,11.7,11.8,186.3,2,bar_mode_candidate,resolution_limited;high_q;consistent;q_from_stack,longitudinal,2,75129.5,0.0117,0.1.0,1
c1997485898a955ac43dac7213cd9d41f6f1e902b3496641504a9b59519edcd3,0,synth_fs192k_snr20,data/synthetic/synth_fs192k_snr20.wav,synthetic,,2026-10-06T16:57:56+02:00,192000,0,8,INFO,True,15000.0,4.63,2.19,0.00104,61.4,4.84,1.3,16.0,16.2,158.8,8,broadband_resonance,consistent,flexural,1,14404.6,0.0413,0.1.0,1
c1997485898a955ac43dac7213cd9d41f6f1e902b3496641504a9b59519edcd3,1,synth_fs192k_snr20,data/synthetic/synth_fs192k_snr20.wav,synthetic,,2026-10-06T16:57:56+02:00,192000,0,8,INFO,True,30000.1,,,,,,,0.1,26.2,106.4,0,noise_or_environment,line_in_noise;resolution_limited,flexural,2,33456.1,-0.103,0.1.0,1
c1997485898a955ac43dac7213cd9d41f6f1e902b3496641504a9b59519edcd3,2,synth_fs192k_snr20,data/synthetic/synth_fs192k_snr20.wav,synthetic,,2026-10-06T16:57:56+02:00,192000,0,8,INFO,True,38000.5,0.63,0.299,4.9e-05,504.0,20.4,4.22,30.2,30.1,112.7,8,bar_mode_candidate,resolution_limited;high_q;consistent;matches_theory,longitudinal,1,38000.2,5.87e-06,0.1.0,1
c1997485898a955ac43dac7213cd9d41f6f1e902b3496641504a9b59519edcd3,3,synth_fs192k_snr20,data/synthetic/synth_fs192k_snr20.wav,synthetic,,2026-10-06T16:57:56+02:00,192000,0,8,INFO,True,76001.9,4.56,2.02,0.000129,788.0,120.0,3.3,19.0,19.1,113.8,7,bar_mode_candidate,resolution_limited;high_q;consistent,longitudinal,2,75129.5,0.0116,0.1.0,1
2c4357a713e7dab4737b9a46adc53d12649784760b9625c0b6e1f031e1b3fcef,0,synth_fs192k_snr40,data/synthetic/synth_fs192k_snr40.wav,synthetic,,2026-10-06T16:57:58+02:00,192000,0,8,,True,14998.9,0.843,0.373,0.00013,60.7,0.189,1.29,29.4,28.4,147.2,8,broadband_resonance,consistent,flexural,1,14404.6,0.0413,0.1.0,1
2c4357a713e7dab4737b9a46adc53d12649784760b9625c0b6e1f031e1b3fcef,1,synth_fs192k_snr40,data/synthetic/synth_fs192k_snr40.wav,synthetic,,2026-10-06T16:57:58+02:00,192000,0,8,,True,29999.9,,,,,,,0.1,28.4,62.9,0,noise_or_environment,line_in_noise;resolution_limited,flexural,2,33456.1,-0.103,0.1.0,1
2c4357a713e7dab4737b9a46adc53d12649784760b9625c0b6e1f031e1b3fcef,2,synth_fs192k_snr40,data/synthetic/synth_fs192k_snr40.wav,synthetic,,2026-10-06T16:57:58+02:00,192000,0,8,,True,38000.1,0.206,0.0914,1.27e-05,502.0,0.492,4.2,46.2,46.3,75.0,8,bar_mode_candidate,resolution_limited;high_q;consistent;matches_theory,longitudinal,1,38000.2,-4.28e-06,0.1.0,1
2c4357a713e7dab4737b9a46adc53d12649784760b9625c0b6e1f031e1b3fcef,3,synth_fs192k_snr40,data/synthetic/synth_fs192k_snr40.wav,synthetic,,2026-10-06T16:57:58+02:00,192000,0,8,,True,76000.3,0.486,0.215,1.26e-05,816.0,19.1,3.42,34.1,34.3,79.6,8,bar_mode_candidate,resolution_limited;high_q;consistent,longitudinal,2,75129.5,0.0116,0.1.0,1
34f8b721242048070ee4c3af2ce0e6fee236ae4c1a6601f30d3a50bacd613081,0,synth_fs48k_snr40,data/synthetic/synth_fs48k_snr40.wav,synthetic,,2026-10-06T16:58:00+02:00,48000,0,8,CRITICAL,False,10000.0,0.392,0.174,9.37e-05,132.0,0.882,4.21,39.9,40.1,76.3,8,possible_alias,fs_below_96k;resolution_limited;high_q;consistent,,,,,0.1.0,1
34f8b721242048070ee4c3af2ce0e6fee236ae4c1a6601f30d3a50bacd613081,1,synth_fs48k_snr40,data/synthetic/synth_fs48k_snr40.wav,synthetic,,2026-10-06T16:58:00+02:00,48000,0,8,CRITICAL,False,15001.1,1.7,0.752,0.000248,60.9,0.337,1.29,22.1,22.4,147.2,8,possible_alias,fs_below_96k;consistent,,,,,0.1.0,1
34f8b721242048070ee4c3af2ce0e6fee236ae4c1a6601f30d3a50bacd613081,2,synth_fs48k_snr40,data/synthetic/synth_fs48k_snr40.wav,synthetic,,2026-10-06T16:58:00+02:00,48000,0,8,CRITICAL,False,18001.5,,,,,,,-0.1,22.2,65.1,0,possible_alias,fs_below_96k;line_in_noise;resolution_limited,,,,,0.1.0,1
34f8b721242048070ee4c3af2ce0e6fee236ae4c1a6601f30d3a50bacd613081,3,synth_fs48k_snr40,data/synthetic/synth_fs48k_snr40.wav,synthetic,,2026-10-06T16:58:00+02:00,48000,0,8,CRITICAL,False,20000.1,1.94,0.859,0.000175,214.0,8.59,3.41,27.8,28.3,82.0,8,possible_alias,fs_below_96k;resolution_limited;high_q;consistent,,,,,0.1.0,1
